FID,objectid,lad19cd,lad19nm,lad19nmw,bng_e,bng_n,long,lat,st_areasha,st_lengths,SHAPE_Length,SHAPE_Area
1,1,E06000001,Hartlepool, ,447160,531474,-1.27018,54.67614,93712619.817559,71011.933949309,122680.152622637,-279789025.365077
2,2,E06000002,Middlesbrough, ,451141,516887,-1.21099,54.54467,53881564.2712312,44481.6912420937,76614.7772455582,-159872239.526175
3,3,E06000003,Redcar and Cleveland, ,464361,519597,-1.00608,54.56752,245069508.916793,96703.9897012816,166599.72487527,-727451046.364262
4,4,E06000004,Stockton-on-Tees, ,444940,518183,-1.30664,54.556911,204932953.781254,123408.985927674,212698.045557805,-608636249.099934
5,5,E06000005,Darlington, ,428029,515648,-1.56835,54.535339,197475688.992374,107206.401677303,184666.724021553,-586135297.064361
6,6,E06000006,Halton, ,354246,382146,-2.68853,53.33424,79084035.438117,77771.1033589802,130177.800643685,-221626702.505506
7,7,E06000007,Warrington, ,362744,388456,-2.56167,53.391628,180627983.826566,114690.861715151,192223.072056052,-507478797.366879
8,8,E06000008,Blackburn with Darwen, ,369490,422806,-2.4636,53.700802,137022079.723958,65284.970982529,110205.600673853,-390314354.663816
9,9,E06000009,Blackpool, ,332819,436635,-3.02199,53.82164,34870886.4556485,34483.4874941594,58394.1089557721,-99915960.5964255
10,10,E06000010,"Kingston upon Hull, City of", ,511894,431650,-0.30382,53.769199,71583611.6877473,64681.1195108646,109330.219627347,-204543401.303472
11,11,E06000011,East Riding of Yorkshire, ,488056,443597,-0.66195,53.881119,2404995299.25659,504148.429232301,853447.460987403,-6908736543.1035
12,12,E06000012,North East Lincolnshire, ,523465,404564,-0.13911,53.52327,192622956.447467,93248.719811851,156803.115343909,-544639870.003215
13,13,E06000013,North Lincolnshire, ,497800,410993,-0.52407,53.58643,846499243.955761,244632.76877319,411830.21383382,-2399300187.47454
14,14,E06000014,York, ,460864,452589,-1.07375,53.96582,271936983.742979,101957.593922067,173173.220990551,-784427202.370856
15,15,E06000015,Derby, ,435609,335375,-1.47189,52.914639,78031124.2977332,50037.7355262229,82927.8749618392,-214340584.595649
16,16,E06000016,Leicester, ,458946,304594,-1.1304,52.635921,73342074.1900811,51932.0033485063,85527.9950028272,-198939349.022689
17,17,E06000017,Rutland, ,492992,308655,-0.6263,52.667648,393748908.230216,125885.233889954,207366.345442911,-1069019596.47315
18,18,E06000018,Nottingham, ,456082,339969,-1.16667,52.954189,74613560.4819936,58724.2365259449,97429.7549015491,-205395781.261233
19,19,E06000019,"Herefordshire, County of", ,349434,242834,-2.73931,52.081539,2179709442.25922,349889.439797712,569702.607838593,-5772015203.81964
20,20,E06000020,Telford and Wrekin, ,367035,313057,-2.48941,52.714169,290313545.188822,118780.033274157,196100.823544105,-790814575.530545
21,21,E06000021,Stoke-on-Trent, ,389438,346652,-2.15888,53.017071,93448483.3505357,63974.6290037653,106301.778447082,-257949246.925339
22,22,E06000022,Bath and North East Somerset, ,366217,161999,-2.48654,51.356041,351123213.756386,141684.814205686,226785.886494995,-899722376.286288
23,23,E06000023,"Bristol, City of", ,359990,174846,-2.57742,51.471149,109700128.696471,109722.849282353,176054.72734846,-282450737.926496
24,24,E06000024,North Somerset, ,347613,166719,-2.75439,51.397072,374605310.994405,154190.827478725,246948.678570604,-961254061.188207
25,25,E06000025,South Gloucestershire, ,367559,183198,-2.46922,51.54673,497035793.746449,141498.594060107,227418.445430171,-1283994669.30559
26,26,E06000026,Plymouth, ,249945,58255,-4.11297,50.404942,79849713.7202879,92645.7718820973,145199.676626846,-196257006.496616
27,27,E06000027,Torbay, ,289730,64613,-3.55523,50.470921,62886695.8942913,77911.4991108132,122287.896020015,-154930356.466819
28,28,E06000030,Swindon, ,418551,186564,-1.73367,51.577629,230093374.741895,103014.94024621,165713.135694317,-595176197.87489
29,29,E06000031,Peterborough, ,517372,300777,-0.26874,52.59214,343378151.164241,112678.124727897,185388.739112284,-929922383.565274
30,30,E06000032,Luton, ,508606,222559,-0.42319,51.891022,43352491.6456714,34569.6531192528,55978.8581533699,-113706332.840467
31,31,E06000033,Southend-on-Sea, ,587777,186837,0.706923,51.549171,41673935.6083752,57783.2690577826,92800.4665762543,-107592667.624113
32,32,E06000034,Thurrock, ,562123,181590,0.334861,51.509979,163837048.646132,115992.466452262,186221.351601861,-422355092.052288
33,33,E06000035,Medway, ,578207,175198,0.563174,51.44772,193714281.102375,249509.741616635,399746.759929834,-497275720.415805
34,34,E06000036,Bracknell Forest, ,488169,168792,-0.73363,51.411301,109384210.265678,62508.0775037044,100169.823967361,-280875251.191099
35,35,E06000037,West Berkshire, ,450575,172095,-1.27364,51.445591,704169402.351944,166802.031523935,267480.836888009,-1811669364.48671
36,36,E06000038,Reading, ,470226,173154,-0.99071,51.453018,40397991.8302785,39330.8204657569,63092.2532743727,-103940925.233156
37,37,E06000039,Slough, ,498920,179246,-0.57617,51.503502,32542008.9559604,44181.3937034328,70938.1904508346,-83923775.8179286
38,38,E06000040,Windsor and Maidenhead, ,492079,176541,-0.67541,51.480339,198427175.066602,114829.420890277,184284.005953675,-511235912.548765
39,39,E06000041,Wokingham, ,476624,169902,-0.89935,51.422958,178965481.003989,86865.9015855554,139312.9514713,-459978594.603979
40,40,E06000042,Milton Keynes, ,486408,242308,-0.7407,52.072411,308626789.344667,102960.590212711,167448.747056195,-816439316.479988
41,41,E06000043,Brighton and Hove, ,530279,106850,-0.15079,50.8465,82832958.7782719,59519.4569407185,94203.834443937,-207545564.1511
42,42,E06000044,Portsmouth, ,465619,101352,-1.07006,50.807999,40391212.0095037,61406.7196667655,97162.3672059262,-101136255.392272
43,43,E06000045,Southampton, ,442303,113700,-1.39952,50.9212,49880646.364892,61544.0619572374,97595.4377118734,-125433851.831018
44,44,E06000046,Isle of Wight, ,447183,85949,-1.33366,50.671291,379614785.758662,210106.299410121,331552.501225638,-944658942.684646
45,45,E06000047,County Durham, ,410381,532242,-1.8405,54.685131,2231459817.94596,314911.224386967,544616.307653603,-6671138187.77515
46,46,E06000049,Cheshire East, ,380510,363462,-2.29299,53.167931,1166357379.5532,301225.377394922,502411.662660727,-3243760647.56664
47,47,E06000050,Cheshire West and Chester, ,353097,363145,-2.70298,53.163361,920017989.862049,335615.350142636,559952.407977963,-2560609991.06147
48,48,E06000051,Shropshire, ,350227,302960,-2.73667,52.62212,3197275381.12605,580650.678546735,956867.957095974,-8671844809.79151
49,49,E06000052,Cornwall, ,212497,64493,-4.64254,50.450218,3548934061.31533,1241482.93652255,1944096.48341733,-8724333919.29547
50,50,E06000053,Isles of Scilly, ,91327,11447,-6.30217,49.923321,16337569.4228753,116312.050817675,180458.949516054,-39327314.6129778
51,51,E06000054,Wiltshire, ,405209,158863,-1.92661,51.328831,3255338123.71719,402006.968203751,643286.925601788,-8320810780.96347
52,52,E06000055,Bedford, ,505721,256463,-0.45463,52.196281,476408299.162406,131721.268581361,214772.869210143,-1266132007.67353
53,53,E06000056,Central Bedfordshire, ,504615,234492,-0.47754,51.999031,715665302.200088,232692.717694503,377672.166200318,-1886534175.51509
54,54,E06000057,Northumberland, ,395322,600699,-2.07523,55.300369,5030751708.14668,601230.810060587,1055281.6850916,-15451615330.5754
55,55,E06000058,"Bournemouth, Christchurch and Poole", ,410815,94066,-1.84807,50.74609,162070065.513308,169172.238128109,267211.459655637,-404615278.043503
56,56,E06000059,Dorset, ,370871,99796,-2.41467,50.79697,2490956587.4992,594358.349992191,939207.984837812,-6234227687.25829
57,57,E07000004,Aylesbury Vale, ,477330,223020,-0.87746,51.900372,902753224.901715,243091.827325024,393644.459922136,-2367997125.13625
58,58,E07000005,Chiltern, ,495432,198692,-0.62112,51.678902,196348229.805781,87262.6779132497,140675.162485958,-510209955.273029
59,59,E07000006,South Bucks, ,498198,185455,-0.58484,51.559441,141275609.078621,85473.909915572,137404.373755476,-365102730.525139
60,60,E07000007,Wycombe, ,482477,197052,-0.80883,51.666199,324572080.488638,113202.002504238,182398.528390484,-842274686.578794
61,61,E07000008,Cambridge, ,545420,257901,0.126436,52.200169,40698794.9341952,37170.4431684343,60602.226681867,-108183923.679766
62,62,E07000009,East Cambridgeshire, ,555576,275765,0.283149,52.35788,651286023.597186,234187.982641887,383034.627195401,-1742283434.65978
63,63,E07000010,Fenland, ,536361,294959,0.009016,52.535439,546450057.397399,187882.168085427,308889.226861273,-1476597467.75336
64,64,E07000011,Huntingdonshire, ,521008,274269,-0.2247,52.353149,912455239.15914,223338.133370285,365537.090027874,-2444959811.13565
65,65,E07000012,South Cambridgeshire, ,543295,247586,0.091017,52.108051,901624810.463919,257078.232674124,418883.658572535,-2393905247.85154
66,66,E07000026,Allerdale, ,317520,532997,-3.2809,54.685242,1258291719.61532,326945.356862531,566153.607732359,-3762780027.53369
67,67,E07000027,Barrow-in-Furness, ,321741,474165,-3.1999,54.15731,77897001.8641383,146480.186634289,249769.468301176,-226641013.13879
68,68,E07000028,Carlisle, ,348576,565154,-2.80498,54.978329,1038300028.9844,278415.522865283,484558.704445108,-3146422617.43212
69,69,E07000029,Copeland, ,310871,508739,-3.37664,54.466171,737631222.408507,252311.68699984,432821.216751486,-2175391912.92296
70,70,E07000030,Eden, ,359636,526396,-2.62678,54.631069,2156474495.37604,268725.444007914,463711.308280956,-6420809682.92279
71,71,E07000031,South Lakeland, ,349265,489555,-2.78108,54.29908,1554923591.81439,381861.979487727,653485.126167128,-4562332137.83634
72,72,E07000032,Amber Valley, ,436166,348084,-1.46219,53.028839,265437867.659004,109036.520389842,181176.478213189,-733045599.990859
73,73,E07000033,Bolsover, ,448666,371548,-1.27228,53.23875,160334649.782959,96239.2025654954,160601.765465959,-446625096.108488
74,74,E07000034,Chesterfield, ,440049,373359,-1.40115,53.255749,66035290.6854303,52617.767250938,87893.0563205802,-184292253.733701
75,75,E07000035,Derbyshire Dales, ,419697,358493,-1.70711,53.12326,795318063.283342,245475.846641516,408870.339993203,-2206552922.20394
76,76,E07000036,Erewash, ,443721,338063,-1.3509,52.938202,109630046.234834,73547.5600218746,121953.129353953,-301452090.064024
77,77,E07000037,High Peak, ,410474,387660,-1.84398,53.385689,540253999.811561,159632.998758136,267310.152752834,-1516047374.86132
78,78,E07000038,North East Derbyshire, ,437369,362955,-1.44253,53.16243,275623524.396742,161243.879502098,269294.472187074,-768137356.795121
79,79,E07000039,South Derbyshire, ,431443,325363,-1.5348,52.824902,338126970.261127,166693.264756749,275768.974419489,-925337041.485877
80,80,E07000040,East Devon, ,313790,96050,-3.22359,50.757599,814227311.153453,219544.921202048,346917.532356859,-2033806414.64903
81,81,E07000041,Exeter, ,293239,92005,-3.51368,50.717819,47033052.7920172,50238.5061138321,79304.6282260361,-117253976.289789
82,82,E07000042,Mid Devon, ,288064,108911,-3.59212,50.86882,912897719.729192,246408.793542275,390206.285526049,-2290789334.93223
83,83,E07000043,North Devon, ,265110,132532,-3.92691,51.07621,1085857679.30469,308999.636073384,491505.279365648,-2747041102.56264
84,84,E07000044,South Hams, ,270676,54036,-3.81996,50.371948,886510071.674953,478364.826113521,749434.130677375,-2177680286.69759
85,85,E07000045,Teignbridge, ,283144,80205,-3.65289,50.60981,673770656.969215,191464.02785333,301457.190168016,-1671406059.22323
86,86,E07000046,Torridge, ,244206,114334,-4.21728,50.907391,985293648.562921,315627.907057793,500188.167257848,-2472700107.53376
87,87,E07000047,West Devon, ,256376,86999,-4.03361,50.66489,1161107060.90436,254068.377875163,400451.782019692,-2885984615.07634
88,88,E07000061,Eastbourne, ,559339,99575,0.258516,50.773869,44161432.4837985,38032.2810407969,60108.0952706414,-110309219.89406
89,89,E07000062,Hastings, ,581528,110694,0.578395,50.867241,29796091.9965189,34102.1075516918,53977.4305951029,-74708621.7261622
90,90,E07000063,Lewes, ,541474,105686,0.007671,50.833408,292106798.641784,168359.913078725,266683.036857619,-733047246.141472
91,91,E07000064,Rother, ,578721,119666,0.542937,50.948711,511753820.136878,180531.96412764,286303.224580306,-1287706384.48848
92,92,E07000065,Wealden, ,555048,117180,0.205156,50.93322,834948417.645896,225878.103797439,358399.93194832,-2102763703.30522
93,93,E07000066,Basildon, ,571548,190848,0.475055,51.590359,110001023.654762,85631.2104981226,137687.551679132,-284558069.660657
94,94,E07000067,Braintree, ,577253,227335,0.575911,51.91634,611707973.504295,168686.435910178,273423.78989389,-1607073219.135
95,95,E07000068,Brentwood, ,558560,196070,0.290091,51.641079,153124048.304794,72339.499984653,116503.406634456,-396998247.628851
96,96,E07000069,Castle Point, ,579490,187920,0.588084,51.561588,44673525.2910839,163452.231415385,262508.722983016,-115333944.753872
97,97,E07000070,Chelmsford, ,572116,206972,0.491177,51.735031,342227520.457089,126395.550322867,203912.454422064,-890593943.514665
98,98,E07000071,Colchester, ,596944,223693,0.859777,51.877022,332325214.702393,318168.31141223,514393.621216205,-870376287.209292
99,99,E07000072,Epping Forest, ,548919,203758,0.154147,51.712791,338984123.904902,123273.197785461,198858.940210728,-881664153.142354
100,100,E07000073,Harlow, ,545276,209589,0.103888,51.76614,30537916.2891686,28515.4568027106,46045.3722599609,-79635149.3057173
101,101,E07000074,Maldon, ,591413,212072,0.773106,51.774578,357815660.310835,469757.895286049,757428.251896397,-930372389.505914
102,102,E07000075,Rochford, ,585979,191417,0.683442,51.5909,167274180.772269,232955.632621183,374613.147815519,-432740880.21428
103,103,E07000076,Tendring, ,614190,222141,1.108981,51.856739,336295380.413205,442501.365026272,715677.803635566,-880398023.080347
104,104,E07000077,Uttlesford, ,557832,228865,0.294485,51.935921,641182922.735805,166507.865260074,269790.564697467,-1684258189.38114
105,105,E07000078,Cheltenham, ,394925,222232,-2.07515,51.898609,46596069.2175817,38231.0639602385,61935.5534705507,-122269909.843474
106,106,E07000079,Cotswold, ,402125,208209,-1.97059,51.772549,1164524415.18048,332445.324069312,537536.928806784,-3044930620.1805
107,107,E07000080,Forest of Dean, ,367175,212759,-2.47755,51.812489,525899257.744366,190005.278190076,307384.384899505,-1376275146.54645
108,108,E07000081,Gloucester, ,384071,216449,-2.23263,51.846409,40553089.2745815,33539.6843710329,54272.4156993757,-106187711.796345
109,109,E07000082,Stroud, ,378807,202410,-2.30818,51.720009,460541975.212882,172782.192867576,278771.258177325,-1199514794.24747
110,110,E07000083,Tewkesbury, ,386347,226279,-2.19998,51.934849,414414321.091513,204835.933707662,332079.000293831,-1089777311.55014
111,111,E07000084,Basingstoke and Deane, ,454508,151423,-1.22021,51.259369,633817172.002661,143437.384228921,229154.440874759,-1618204342.35109
112,112,E07000085,East Hampshire, ,474404,129237,-0.93971,51.057652,514432074.863372,144540.791479261,229908.548802383,-1302133906.5585
113,113,E07000086,Eastleigh, ,447202,116802,-1.32943,50.948719,79678662.3917769,75889.8885924987,120365.276960003,-200518924.913611
114,114,E07000087,Fareham, ,453774,106319,-1.23742,50.853882,74260060.1001555,66504.8594452589,105320.797257034,-186205617.176106
115,115,E07000088,Gosport, ,458769,101088,-1.16731,50.806358,25373863.8126405,40199.0473902881,63582.8079014071,-63492580.9802887
116,116,E07000089,Hart, ,477985,154240,-0.88321,51.281971,215265080.340955,77847.8295539134,124407.042356409,-549826387.51431
117,117,E07000090,Havant, ,470178,108564,-1.00398,50.872311,55739600.04884,115626.170205836,182996.909642811,-139726234.166672
118,118,E07000091,New Forest, ,428748,106521,-1.59293,50.857479,752175262.2681,332044.023252496,525728.27913886,-1886661510.82757
119,119,E07000092,Rushmoor, ,486022,153944,-0.76807,51.278149,39045039.7610893,31893.0015033142,50968.780753026,-99676715.3396709
120,120,E07000093,Test Valley, ,434930,137329,-1.50214,51.134171,627595190.718412,190816.352551872,303906.252476088,-1592413493.53026
121,121,E07000094,Winchester, ,453115,125901,-1.24393,51.030022,660970090.904627,172158.21221359,273594.504732574,-1669820075.59316
122,122,E07000095,Broxbourne, ,534742,204251,-0.05073,51.720798,51442303.5951214,39068.7457937809,63047.9860206307,-133905657.431601
123,123,E07000096,Dacorum, ,500084,208745,-0.55098,51.768452,212476397.682696,110103.830872486,177905.15391542,-554474704.984342
124,124,E07000098,Hertsmere, ,519774,199352,-0.26899,51.680168,101128162.742547,61228.1638486148,98691.1054549642,-262709937.82889
125,125,E07000099,North Hertfordshire, ,522192,230256,-0.22314,51.957378,375382315.818067,168316.826377481,272987.762778783,-987337548.798593
126,126,E07000102,Three Rivers, ,507313,196418,-0.45005,51.656319,88824172.1167545,74112.6323982632,119428.175984933,-230600264.352695
127,127,E07000103,Watford, ,510441,198197,-0.40429,51.6717,21430351.404046,26392.3637917606,42530.7369270842,-55652588.7533093
128,128,E07000105,Ashford, ,597640,140644,0.823374,51.130959,580617312.655574,149446.491111594,237921.451649113,-1471635492.26947
129,129,E07000106,Canterbury, ,616032,158096,1.096342,51.281021,308752567.217782,134481.878863405,214788.158895464,-787672362.845372
130,130,E07000107,Dartford, ,556167,172917,0.245276,51.433731,72725577.0930408,57309.406127191,91860.5090580529,-186844085.788982
131,131,E07000108,Dover, ,628964,150942,1.276887,51.211761,315337967.025532,148160.889608634,236368.940673166,-801946445.185793
132,132,E07000109,Gravesham, ,566969,169114,0.398744,51.396488,98991345.0269165,60516.7991560959,96950.8853865675,-253997321.282425
133,133,E07000110,Maidstone, ,580489,151670,0.584061,51.235661,393329520.923426,122980.730512023,196241.581120653,-1001815078.22255
134,134,E07000111,Sevenoaks, ,552776,155218,0.188936,51.275631,370346872.085099,134435.51492254,214785.094192305,-945158287.021711
135,135,E07000112,Folkestone and Hythe, ,610318,134595,1.000795,51.072128,356921037.577987,148969.584540584,236836.445051725,-901824252.300595
136,136,E07000113,Swale, ,593583,161818,0.776893,51.32251,373436671.264401,347838.123543347,556612.09016227,-955161358.15348
137,137,E07000114,Thanet, ,631839,166752,1.328226,51.35252,103609165.852632,65350.7692378689,104499.442174389,-265110183.851095
138,138,E07000115,Tonbridge and Malling, ,564014,153898,0.349306,51.260639,240114268.776842,133211.401830685,212818.246774916,-612675930.081194
139,139,E07000116,Tunbridge Wells, ,573139,136599,0.471632,51.102539,331328854.676823,150590.455017137,239695.577095226,-839593429.915863
140,140,E07000117,Burnley, ,384886,430882,-2.2308,53.774059,110684000.240326,57764.5705752205,97700.9645866255,-316586722.906358
141,141,E07000118,Chorley, ,359189,419724,-2.61921,53.672401,202762137.791734,114515.919059752,193138.964104405,-576724904.100299
142,142,E07000119,Fylde, ,339554,433811,-2.91914,53.797089,165696809.268369,138118.575679015,233519.679033262,-474101874.504259
143,143,E07000120,Hyndburn, ,374407,428971,-2.38964,53.756481,72997474.3941516,42655.4911054276,72115.5534670295,-208586958.612377
144,144,E07000121,Lancaster, ,356896,464988,-2.6603,54.07901,566935933.498083,345349.753588709,587795.082893875,-1644134286.55053
145,145,E07000122,Pendle, ,387637,443368,-2.18957,53.88636,169380092.197239,79243.8077162715,134291.213814007,-486470528.784246
146,146,E07000123,Preston, ,352825,436432,-2.71809,53.822021,142284180.475832,82804.9719060596,140123.223134003,-407588192.949206
147,147,E07000124,Ribble Valley, ,372687,447676,-2.4174,53.9245,584471489.092845,150499.986105057,255273.321114412,-1681955833.69383
148,148,E07000125,Rossendale, ,382827,420955,-2.26149,53.68478,138040909.285535,71149.8048128627,120071.251571924,-393242438.540727
149,149,E07000126,South Ribble, ,352017,425840,-2.72871,53.726749,113141865.944215,105352.200645424,177941.003150816,-322824539.448859
150,150,E07000127,West Lancashire, ,342611,413270,-2.86893,53.612831,346632973.13886,227324.791265293,383310.505084291,-983010377.665568
151,151,E07000128,Wyre, ,347295,445159,-2.80359,53.89991,282164815.237443,212730.866956277,360771.783450834,-811537573.407809
152,152,E07000129,Blaby, ,454385,297994,-1.19887,52.577061,130468676.864843,100819.966891312,165816.731535449,-352824633.671505
153,153,E07000130,Charnwood, ,458365,316155,-1.13694,52.739899,279042271.327479,115474.390922691,190589.77678214,-760318810.092854
154,154,E07000131,Harborough, ,474549,293875,-0.90229,52.537659,592692049.699269,185950.911968042,305580.308265826,-1600441740.74387
155,155,E07000132,Hinckley and Bosworth, ,439538,301379,-1.41755,52.608768,297351486.79679,111546.30248677,183617.139954915,-805798201.923238
156,156,E07000133,Melton, ,477328,323472,-0.8544,52.803291,481380515.19138,140629.640964362,232458.759948365,-1315133535.87923
157,157,E07000134,North West Leicestershire, ,439111,316252,-1.42209,52.7425,279328072.743158,116453.203897833,192305.20982112,-761689333.545304
158,158,E07000135,Oadby and Wigston, ,461543,299379,-1.093,52.588749,23526096.6872213,31172.0311908227,51279.3924307945,-63665616.1245188
159,159,E07000136,Boston, ,526851,343953,-0.11218,52.97794,364889918.615239,156197.447302868,259138.746571752,-1004721490.73255
160,160,E07000137,East Lindsey, ,534861,376064,0.020516,53.264462,1766773253.82541,373207.484381759,623801.808420516,-4927734882.85628
161,161,E07000138,Lincoln, ,496347,370096,-0.55848,53.219212,35690272.5729239,32969.8765973572,55021.8106666615,-99441334.8400367
162,162,E07000139,North Kesteven, ,502135,354788,-0.4767,53.080582,922471388.545779,181807.859532356,302497.723851223,-2553086371.2943
163,163,E07000140,South Holland, ,532909,322928,-0.03058,52.787579,750908591.673553,198138.771631407,327543.63391773,-2050186599.68769
164,164,E07000141,South Kesteven, ,501406,328986,-0.49565,52.84885,942585797.657034,209816.52026069,347163.990837877,-2581746487.6907
165,165,E07000142,West Lindsey, ,499314,390326,-0.50774,53.40044,1155731959.77556,249630.856354369,418408.371751452,-3245384403.29805
166,166,E07000143,Breckland, ,591015,303330,0.818716,52.594212,1305116639.16986,239527.753628762,393950.262760619,-3529239338.35428
167,167,E07000144,Broadland, ,619864,315909,1.252317,52.69622,552060636.330038,219128.240393653,361098.37302237,-1500063228.11989
168,168,E07000145,Great Yarmouth, ,646761,315881,1.64951,52.684391,174330776.387391,145970.743262411,240166.378767194,-472287795.231427
169,169,E07000146,King's Lynn and West Norfolk, ,571219,315805,0.533243,52.71283,1439480389.44158,694956.727048783,1149307.21191003,-3916631555.86978
170,170,E07000147,North Norfolk, ,611076,330857,1.132099,52.833889,967553236.501048,600214.349706254,993968.019084885,-2647004430.45138
171,171,E07000148,Norwich, ,622355,309773,1.284979,52.640129,39021966.3116079,52686.6307096448,86717.637263194,-105706515.203094
172,172,E07000149,South Norfolk, ,628990,295823,1.373233,52.51218,907576579.766066,266872.668363175,438178.013720967,-2445273589.74685
173,173,E07000150,Corby, ,487862,290681,-0.7069,52.506969,80280903.1353251,66291.6315252856,108825.248956224,-216372611.679449
174,174,E07000151,Daventry, ,467286,268437,-1.01447,52.30994,665600468.851015,181982.944966596,297469.699239107,-1779301339.3927
175,175,E07000152,East Northamptonshire, ,501344,287839,-0.5092,52.479092,509787257.638369,163229.12004697,267774.907875096,-1371316735.53224
176,176,E07000153,Kettering, ,483866,282852,-0.76773,52.437229,233489923.713025,100689.50113166,165072.063821572,-627240134.488128
177,177,E07000154,Northampton, ,476495,260539,-0.88121,52.237751,80771938.7916583,46341.524426597,75636.0632112708,-215190970.851961
178,178,E07000155,South Northamptonshire, ,463000,247077,-1.08129,52.118439,634023185.055838,225304.98890192,366805.285221513,-1680270212.41199
179,179,E07000156,Wellingborough, ,487787,266827,-0.71425,52.29258,163036490.492432,69758.4194633621,114010.424217631,-435239259.00593
180,180,E07000163,Craven, ,389513,461989,-2.16168,54.053761,1178807442.49167,199883.769775129,340362.105212218,-3420491089.5947
181,181,E07000164,Hambleton, ,443009,490546,-1.34049,54.30872,1311228139.76122,298519.898029617,511065.065368752,-3842702083.21647
182,182,E07000165,Harrogate, ,427473,464652,-1.58161,54.07708,1309127592.7605,246964.624319687,420405.373800034,-3796233388.55721
183,183,E07000166,Richmondshire, ,401039,495786,-1.98552,54.357609,1318707276.30363,221710.071604994,380325.171939855,-3878727757.74466
184,184,E07000167,Ryedale, ,475590,478890,-0.84277,54.200211,1506593776.95214,249894.293084833,426941.316337642,-4398554909.57576
185,185,E07000168,Scarborough, ,495798,495548,-0.52778,54.3465,816188420.859727,241939.745649524,414841.631328501,-2400800478.59431
186,186,E07000169,Selby, ,457551,426670,-1.12908,53.733269,599310809.432599,264869.301894176,448011.083500948,-1714753044.39535
187,187,E07000170,Ashfield, ,450035,355843,-1.25422,53.097469,109557941.106055,69174.8494196315,115115.462570461,-303436291.289513
188,188,E07000171,Bassetlaw, ,468073,384835,-0.9787,53.356041,637803646.209099,159734.777561221,267282.71906679,-1786225060.33025
189,189,E07000172,Broxtowe, ,449829,341893,-1.25944,52.972099,80098837.1288312,65999.8327992576,109560.180454941,-220658374.091902
190,190,E07000173,Gedling, ,459184,347811,-1.11907,53.024342,119981505.017305,69754.673763989,115910.284741886,-331311398.535922
191,191,E07000174,Mansfield, ,455047,363637,-1.17804,53.16703,76696898.5856726,51090.8571646527,85182.576326308,-213193863.73737
192,192,E07000175,Newark and Sherwood, ,470624,357451,-0.94643,53.1096,651340472.135511,187422.52389076,312131.580890098,-1806498036.06246
193,193,E07000176,Rushcliffe, ,466606,335453,-1.01097,52.912399,409231535.284401,123324.432735933,204321.109109164,-1123415196.92091
194,194,E07000177,Cherwell, ,449301,221201,-1.28506,51.887199,588741170.216274,225626.554294152,366036.128961564,-1549028847.31056
195,195,E07000178,Oxford, ,452277,206368,-1.24405,51.753571,45602912.6828515,34999.6552171434,56515.1295259234,-118904497.102269
196,196,E07000179,South Oxfordshire, ,463890,191964,-1.07847,51.622879,678521428.259039,205400.226544238,330836.63384431,-1759730096.75167
197,197,E07000180,Vale of White Horse, ,435693,195197,-1.48543,51.65443,578660264.122091,175977.202778797,283417.303797766,-1500876960.49101
198,198,E07000181,West Oxfordshire, ,434343,215816,-1.50292,51.839901,714422027.138744,160247.897555093,259311.02046286,-1869697332.21389
199,199,E07000187,Mendip, ,362238,144090,-2.54178,51.194759,739435423.569122,198850.077405151,317231.710418841,-1882195691.57465
200,200,E07000188,Sedgemoor, ,338429,143998,-2.88246,51.19186,564543642.859632,242134.287189551,386099.779804456,-1435489222.29513
201,201,E07000189,South Somerset, ,345633,120798,-2.77588,50.98399,959040237.320217,241317.05122489,383234.759917206,-2418669752.9425
202,202,E07000192,Cannock Chase, ,401261,311553,-1.98277,52.70166,78882570.493234,50127.6044538359,82702.0727101551,-214711151.06441
203,203,E07000193,East Staffordshire, ,412601,326569,-1.81438,52.83651,389987162.124039,183696.396809274,304248.636430628,-1068857516.56412
204,204,E07000194,Lichfield, ,416283,310967,-1.76049,52.696152,331294334.024327,127468.406693597,210195.126560294,-900751902.392734
205,205,E07000195,Newcastle-under-Lyme, ,378199,345174,-2.32631,53.003448,210957319.413958,108259.28664405,179775.202226412,-581640287.314682
206,206,E07000196,South Staffordshire, ,389625,311037,-2.15495,52.696918,407322253.357066,184894.339545129,304416.350827193,-1104324555.57218
207,207,E07000197,Stafford, ,389001,327836,-2.16475,52.847919,598172233.422378,159078.806627566,263277.959335554,-1638311095.36155
208,208,E07000198,Staffordshire Moorlands, ,400543,352443,-1.99334,53.069241,575849820.802265,152448.185289631,253589.025583851,-1594054041.29176
209,209,E07000199,Tamworth, ,421455,302550,-1.68451,52.620312,30850716.1908957,30730.062535896,50593.2790859069,-83644363.7748497
210,210,E07000200,Babergh, ,599987,244692,0.916149,52.064499,595116563.756272,210447.822242885,341779.444066289,-1570889048.81729
211,211,E07000202,Ipswich, ,617161,244456,1.166145,52.05592,39509794.6377267,45342.3418168405,73663.7943890028,-104288410.287158
212,212,E07000203,Mid Suffolk, ,611646,262338,1.096953,52.21859,871070645.727276,191154.673181992,311875.331703053,-2319052360.5742
213,213,E07000207,Elmbridge, ,511882,163658,-0.39441,51.360981,96334275.3882581,52206.1263724971,83557.0170131894,-246792167.590782
214,214,E07000208,Epsom and Ewell, ,521176,161475,-0.26172,51.339451,34079152.9616357,28503.7008598098,45615.1273432312,-87231503.5782163
215,215,E07000209,Guildford, ,500408,151481,-0.56257,51.253658,270931189.746301,128414.496364036,205066.207080249,-690836069.516026
216,216,E07000210,Mole Valley, ,518377,148953,-0.30603,51.227489,258320953.45333,105403.17883423,168189.251418693,-657614072.795695
217,217,E07000211,Reigate and Banstead, ,525786,152574,-0.19871,51.258461,129143925.112569,79923.6802028718,127619.777235617,-329327119.800792
218,218,E07000212,Runnymede, ,501777,166979,-0.53855,51.392731,78040686.184294,45677.4092821212,73171.9703347331,-200254615.153173
219,219,E07000213,Spelthorne, ,507012,169622,-0.46254,51.41552,51161362.5433996,44134.537597083,70742.3812935326,-131458005.807394
220,220,E07000214,Surrey Heath, ,491362,160483,-0.68986,51.336102,95092959.1736058,53559.724171352,85686.2617497475,-243484395.432327
221,221,E07000215,Tandridge, ,536365,150325,-0.04805,51.235809,248194569.367406,83136.9028111222,132718.039051971,-632155914.310361
222,222,E07000216,Waverley, ,496363,140635,-0.62343,51.15686,345170236.682501,125436.056342785,199902.86774123,-876439491.852783
223,223,E07000217,Woking, ,499087,157542,-0.57982,51.308369,63603603.8397674,54781.5015969527,87590.55450232,-162649896.264315
224,224,E07000218,North Warwickshire, ,425570,296399,-1.6242,52.564838,284261503.629141,113230.602690989,186129.004994018,-767946007.578111
225,225,E07000219,Nuneaton and Bedworth, ,435419,289352,-1.47965,52.500938,78950291.8162241,48148.709108183,79039.7802954692,-212835289.338742
226,226,E07000220,Rugby, ,446498,276244,-1.31828,52.382278,353557281.061627,115093.651913593,188457.502225033,-948111929.514458
227,227,E07000221,Stratford-on-Avon, ,425019,251536,-1.63565,52.161541,977869054.895261,261384.087125628,426071.257903741,-2598274337.62778
228,228,E07000222,Warwick, ,428484,267113,-1.58369,52.301418,282882321.016032,116717.479258945,190830.421202707,-756065793.674459
229,229,E07000223,Adur, ,518076,106472,-0.32417,50.845718,42065495.8655346,60515.7048534278,95773.1342600369,-105409663.797031
230,230,E07000224,Arun, ,495144,105723,-0.64999,50.843208,220991201.464094,156498.064172045,247720.785573559,-553753572.290695
231,231,E07000225,Chichester, ,490285,116600,-0.7163,50.941769,786194870.307894,297274.786304588,470932.964514152,-1978619419.50874
232,232,E07000226,Crawley, ,526390,137581,-0.19533,51.123569,44971204.9727055,38799.7232795775,61786.7149377196,-114045281.118226
233,233,E07000227,Horsham, ,513674,123840,-0.38126,51.00272,530278363.738596,215760.176955474,342503.207473175,-1337330872.24019
234,234,E07000228,Mid Sussex, ,533054,130623,-0.10272,51.059528,334029222.418471,132912.373445884,211182.488518108,-843277800.987362
235,235,E07000229,Worthing, ,512679,104948,-0.40127,50.833099,32521007.7957513,29462.1390440895,46619.7854651941,-81445301.6531261
236,236,E07000234,Bromsgrove, ,399840,273736,-2.00376,52.361691,216968481.075695,113135.446682068,185216.504298319,-581256668.378265
237,237,E07000235,Malvern Hills, ,377465,252197,-2.33089,52.16758,577070981.905189,230605.757150611,376124.261614177,-1533619116.64854
238,238,E07000236,Redditch, ,403705,265253,-1.9471,52.285412,54250912.0736285,41301.8190573029,67479.7936202075,-144820028.253644
239,239,E07000237,Worcester, ,385725,255196,-2.21025,52.19482,33278124.8695438,31263.0663437625,50979.6635997347,-88495831.6724325
240,240,E07000238,Wychavon, ,398991,247839,-2.01614,52.12886,663541973.671781,219520.151476956,357758.309572405,-1761976711.73398
241,241,E07000239,Wyre Forest, ,384106,276388,-2.23494,52.3853,195403719.201686,100867.383930278,165128.289668356,-523901287.133514
242,242,E07000240,St Albans, ,514580,209623,-0.3407,51.77356,161205874.05961,72946.341585292,117815.509884107,-420538989.954075
243,243,E07000241,Welwyn Hatfield, ,525345,208467,-0.18518,51.760872,129536895.734238,82392.0596450882,133105.385328502,-337831447.918359
244,244,E07000242,East Hertfordshire, ,537995,220370,0.002739,51.864849,475669101.994582,135188.279171716,218794.285537937,-1245820338.61425
245,245,E07000243,Stevenage, ,524622,224531,-0.18987,51.905392,25969241.2793986,28588.2613575748,46310.8063386494,-68139788.1069157
246,246,E07000244,East Suffolk, ,636043,266272,1.456186,52.243992,1260989609.73078,584787.509022944,952932.770435545,-3355203582.61815
247,247,E07000245,West Suffolk, ,580944,271124,0.652769,52.308418,1034675784.57658,274547.779729517,448131.829123858,-2759320900.88925
248,248,E07000246,Somerset West and Taunton, ,304960,130228,-3.35766,51.06348,1189084337.09573,288674.538792227,459170.967167855,-3010802006.93295
249,249,E08000001,Bolton, ,368352,409873,-2.47952,53.584492,139792042.627351,82647.1577312727,139102.376924542,-396074516.139174
250,250,E08000002,Bury, ,379658,410768,-2.3088,53.593102,99460126.9023185,68541.7597922017,115410.390366671,-281927422.881033
251,251,E08000003,Manchester, ,384591,397063,-2.23359,53.470089,115648208.622334,86851.0901577438,145748.579935711,-325724163.808438
252,252,E08000004,Oldham, ,396603,406784,-2.05274,53.557678,142344917.30402,71165.7315376996,119699.785201825,-402802631.746839
253,253,E08000005,Rochdale, ,390315,412326,-2.14784,53.60741,158128175.084324,82713.1547276766,139364.010012284,-448832936.306357
254,254,E08000006,Salford, ,374556,398128,-2.38485,53.479271,97197278.8276351,63268.7941178798,106256.842059295,-274242482.691553
255,255,E08000007,Stockport, ,391806,388264,-2.12467,53.391159,126040311.081679,73638.7202371421,123416.067710022,-354036761.87429
256,256,E08000008,Tameside, ,394987,397995,-2.077,53.478668,103154292.392485,55989.0752712178,94009.9327406619,-290891965.055448
257,257,E08000009,Trafford, ,375790,391162,-2.36572,53.41671,106044771.783647,60712.7777675797,101794.900033412,-298214596.268237
258,258,E08000010,Wigan, ,362136,402126,-2.57247,53.51445,188171013.039743,88690.4959013802,149082.568819473,-531778213.855827
259,259,E08000011,Knowsley, ,344762,393778,-2.83297,53.437881,86500060.7561374,68167.369163693,114327.18763239,-243308475.160901
260,260,E08000012,Liverpool, ,339361,390553,-2.91364,53.408298,111835572.266135,62699.7511420419,105101.250896758,-314254249.374989
261,261,E08000013,St. Helens, ,353412,395992,-2.7031,53.458618,136358792.98738,76387.0358430471,128212.19529268,-384175225.985987
262,262,E08000014,Sefton, ,334282,398832,-2.99177,53.482101,156578243.781291,130345.901601817,219468.343378,-443019763.729672
263,263,E08000015,Wirral, ,329110,386965,-3.06701,53.374779,160922014.258453,133924.463118421,224114.113425672,-451294104.010571
264,264,E08000016,Barnsley, ,429979,403327,-1.54925,53.525768,329077594.566185,126421.141800593,212519.792517755,-930490474.129407
265,265,E08000017,Doncaster, ,459167,403735,-1.10894,53.52697,568022257.266172,171070.334828119,287753.719781212,-1606667370.87041
266,266,E08000018,Rotherham, ,447542,388980,-1.28651,53.395531,286534367.630962,106151.964211997,177964.706760903,-805360177.851292
267,267,E08000019,Sheffield, ,430511,389736,-1.54254,53.40358,367930014.570494,132837.299222892,222648.185935587,-1033966109.57062
268,268,E08000021,Newcastle upon Tyne, ,422287,569662,-1.65297,55.021011,113461462.938742,65210.1731267431,113618.23276732,-344480322.530728
269,269,E08000022,North Tyneside, ,431471,570602,-1.50923,55.028961,82313734.6892346,65337.7810808018,113894.227906989,-250161259.731269
270,270,E08000023,South Tyneside, ,435514,564057,-1.44679,54.969879,64428423.6794231,51370.4961740201,89418.4083819237,-195166096.208604
271,271,E08000024,Sunderland, ,436470,551524,-1.43344,54.857189,137441171.443859,99737.411804349,173269.90871608,-414630328.70755
272,272,E08000025,Birmingham, ,408150,287352,-1.88141,52.484039,267791059.937127,106260.720206509,174397.660888258,-721530321.929921
273,273,E08000026,Coventry, ,432807,279689,-1.51908,52.41423,98639059.7934009,54057.3813145433,88582.5989415805,-264900602.41623
274,274,E08000027,Dudley, ,393191,288584,-2.10171,52.495129,97958242.9719007,75382.3296507881,123739.34979879,-263867475.339098
275,275,E08000028,Sandwell, ,399573,290764,-2.00771,52.514771,85558928.1595795,59211.0030546074,97244.4346506341,-230807011.464054
276,276,E08000029,Solihull, ,419434,281483,-1.71558,52.431,178282115.90066,101031.44871952,165585.062397738,-478717848.811169
277,277,E08000030,Walsall, ,402098,300804,-1.97044,52.60503,103973538.346296,59401.179428603,97754.681041356,-281552986.610097
278,278,E08000031,Wolverhampton, ,391463,300016,-2.12746,52.597881,69436711.8259897,56054.9143823003,92220.7630617282,-187943691.05568
279,279,E08000032,Bradford, ,408395,438626,-1.87389,53.843819,366419741.977216,135920.613224042,230224.274013628,-1051349127.06442
280,280,E08000033,Calderdale, ,402617,424896,-1.96182,53.720482,363960989.528605,107687.458147593,181847.881597757,-1038193011.14111
281,281,E08000034,Kirklees, ,414586,416223,-1.78085,53.64233,408551664.068338,125668.531365478,211812.708422028,-1160216361.52427
282,282,E08000035,Leeds, ,432528,436384,-1.50736,53.822731,551706537.383567,161521.909190665,273497.68777369,-1581526634.21343
283,283,E08000036,Wakefield, ,438366,418235,-1.42092,53.659222,338619733.164991,109447.356258911,184543.244409331,-963117554.701204
284,284,E08000037,Gateshead, ,420168,559658,-1.6868,54.931198,142369113.651809,90476.8263971034,157342.549994372,-430675483.504474
285,285,E09000001,City of London, ,532381,181359,-0.09353,51.515652,2892405.36543182,9365.48215920527,15037.7943587167,-7460041.20148181
286,286,E09000002,Barking and Dagenham, ,547757,185111,0.129479,51.545551,36099579.3537093,40848.9262109831,65658.4872083112,-93220400.0456433
287,287,E09000003,Barnet, ,523472,191753,-0.21821,51.61108,86748323.8350297,50818.5640207421,81807.68606455,-224740752.4564
288,288,E09000004,Bexley, ,549203,175435,0.146227,51.458229,60569006.5897129,47929.7812543892,76886.7308842975,-155815246.636172
289,289,E09000005,Brent, ,519615,186468,-0.27568,51.564411,43232647.4133633,38334.1080962086,61617.2765092727,-111727287.575938
290,290,E09000006,Bromley, ,542036,165708,0.039246,51.372669,150134859.413452,76164.2425683622,121960.642748446,-384781112.358896
291,291,E09000007,Camden, ,527492,184284,-0.16289,51.54306,21789299.8828389,26150.818381615,42028.4106725762,-56277649.9111456
292,292,E09000008,Croydon, ,533922,164745,-0.07761,51.365978,86494438.8832785,58703.9243700068,93952.6987905434,-221536134.783165
293,293,E09000009,Ealing, ,517057,181960,-0.31407,51.524429,55544347.2179587,47439.026308342,76181.4436398417,-143321000.502071
294,294,E09000010,Enfield, ,532829,196197,-0.08147,51.64888,82200189.5489863,41064.6492881615,66130.9144867867,-213272596.079251
295,295,E09000011,Greenwich, ,542508,175878,0.050107,51.463928,47312188.6114743,47659.9055393261,76469.5238696708,-121792187.856814
296,296,E09000012,Hackney, ,534560,185787,-0.06045,51.55492,19049030.3527757,25382.8155616492,40792.6262104426,-49210190.4936654
297,297,E09000013,Hammersmith and Fulham, ,523867,177993,-0.21735,51.487331,16403659.3246003,23974.2445738967,38498.1716063139,-42275667.8718193
298,298,E09000014,Haringey, ,531262,189349,-0.10667,51.587711,29598385.1571477,29025.1790941844,46679.5543098886,-76590024.9877666
299,299,E09000015,Harrow, ,515356,189736,-0.33603,51.594669,50463306.7883684,33735.4607001456,54276.0729676825,-130642293.030276
300,300,E09000016,Havering, ,555032,187514,0.235368,51.565189,112341114.400327,63646.6874627779,102309.070987024,-290326979.409979
301,301,E09000017,Hillingdon, ,508166,183120,-0.44182,51.536629,115700538.569063,63887.014740719,102685.824968922,-298801284.976637
302,302,E09000018,Hounslow, ,512742,174965,-0.37847,51.462429,55970483.6746532,64476.4213512017,103443.541403952,-144080418.59439
303,303,E09000019,Islington, ,531158,184647,-0.10992,51.545479,14856651.4165616,20727.8573703078,33316.8037318623,-38374200.5963141
304,304,E09000020,Kensington and Chelsea, ,525757,179053,-0.18976,51.496441,12125376.8076289,20976.5665887813,33683.3735075055,-31256843.7186457
305,305,E09000021,Kingston upon Thames, ,519508,167389,-0.28367,51.39296,37261179.9190143,37553.1452619183,60170.7549967065,-95580130.70633
306,306,E09000022,Lambeth, ,531118,175629,-0.11385,51.464451,26819774.5739743,34006.7011724943,54559.024491811,-68986964.4237205
307,307,E09000023,Lewisham, ,537889,173344,-0.01733,51.44231,35148181.0489317,41248.7993235889,66149.6294395627,-90385423.3577372
308,308,E09000024,Merton, ,526069,169507,-0.18867,51.410568,37624739.9363365,32349.0601365581,51829.4009953981,-96602422.1775998
309,309,E09000025,Newham, ,540715,183344,0.027289,51.531471,36196428.8856166,35770.1847515396,57463.8515770057,-93404032.8090813
310,310,E09000026,Redbridge, ,543511,189478,0.070071,51.585892,56405616.6245934,50404.2072763648,81079.2641753027,-145916502.379009
311,311,E09000027,Richmond upon Thames, ,519005,172650,-0.28914,51.44035,57393469.3032187,68791.0566237399,110314.444180058,-147571579.367161
312,312,E09000028,Southwark, ,533947,175866,-0.07306,51.465919,28867282.3408361,34620.9208235111,55561.8410621394,-74317291.1542283
313,313,E09000029,Sutton, ,527356,163640,-0.17227,51.357559,43846970.9650536,39844.4233283811,63779.0163527477,-112341222.712612
314,314,E09000030,Tower Hamlets, ,536343,181452,-0.03643,51.515541,19768375.6097003,28735.093371911,46150.7691004485,-50989634.2026909
315,315,E09000031,Waltham Forest, ,537327,190277,-0.01881,51.594608,38807964.3313189,33339.3653506209,53650.9916580389,-100433504.974128
316,316,E09000032,Wandsworth, ,525151,174138,-0.20023,51.4524,34256866.7963965,38799.5354739396,62221.3125737306,-88114380.8056475
317,317,E09000033,Westminster, ,528268,180870,-0.15295,51.512199,21477156.536441,27430.6234387188,44058.97804863,-55392933.8970636
318,318,N09000001,Antrim and Newtownabbey, ,130813,541285,-6.1776,54.693859,728186553.509531,165145.087874755,285365.336702765,-2174317270.03224
319,319,N09000002,"Armagh City, Banbridge and Craigavon", ,112110,508158,-6.43455,54.3867,1437068553.1248,243056.447070284,416363.95500193,-4220849769.68622
320,320,N09000003,Belfast, ,146465,529747,-5.92535,54.59853,137716630.472662,65908.6538260617,113606.252883553,-409177817.627988
321,321,N09000004,Causeway Coast and Glens, ,106168,581420,-6.5996,55.039619,1985534511.1895,381750.417386015,665873.435168368,-6032695616.19037
322,322,N09000005,Derry City and Strabane, ,51779,559566,-7.42064,54.80904,1251241562.86132,271488.956324299,470057.952601685,-3753841644.89618
323,323,N09000006,Fermanagh and Omagh, ,41233,513013,-7.5271,54.385208,3012114876.90122,426624.234971295,731617.525073899,-8869150290.31953
324,324,N09000007,Lisburn and Castlereagh, ,138712,518920,-6.03545,54.49752,510438068.17824,167383.523889696,287946.435466351,-1509937691.36501
325,325,N09000008,Mid and East Antrim, ,133943,560151,-6.14645,54.86462,1061355466.99125,234863.330329364,407559.710963996,-3196492829.37857
326,326,N09000009,Mid Ulster, ,83920,528564,-6.8889,54.552731,1957293802.62133,318433.308425256,548591.455568815,-5818400925.40736
327,327,N09000010,"Newry, Mourne and Down", ,133006,480432,-6.08891,54.149529,1682340589.11657,380093.27800455,649326.951762755,-4911168624.18146
328,328,N09000011,Ards and North Down, ,164321,524944,-5.64568,54.564091,566472954.625107,204689.104478903,352417.111983263,-1678438486.9769
329,329,S12000005,Clackmannanshire, ,291159,696335,-3.75344,56.14724,158972120.172315,94185.4153006395,168872.016758833,-511341268.925056
330,330,S12000006,Dumfries and Galloway, ,270645,579856,-4.02863,55.09621,6436441092.00879,1204443.71146883,2097047.97261882,-19600893446.1591
331,331,S12000008,East Ayrshire, ,255398,624935,-4.29057,55.496738,1270342031.26971,340964.549131584,600957.589751714,-3948091727.91182
332,332,S12000010,East Lothian, ,354854,672351,-2.72435,55.94207,679179836.309119,200290.247298179,357326.056063031,-2161335080.7464
333,333,S12000011,East Renfrewshire, ,251929,653115,-4.3606,55.74868,174249494.312655,93882.5140036153,166651.600410539,-548958526.258155
334,334,S12000013,Na h-Eileanan Siar, ,126473,932862,-6.65722,58.199379,3096880085.89601,3874620.49577219,7239661.17070211,-10938452947.0684
335,335,S12000014,Falkirk, ,289661,679536,-3.7706,55.99604,297365613.214428,145018.724277221,259028.945082633,-948755727.120455
336,336,S12000017,Highland, ,241018,858292,-4.66103,57.586571,26159623364.8084,5221672.91689165,9724503.3891581,-90778643562.5059
337,337,S12000018,Inverclyde, ,227922,670894,-4.75387,55.900299,161948858.627358,79292.3993194056,141245.378416079,-513993104.456124
338,338,S12000019,Midlothian, ,330088,659217,-3.11738,55.82111,355271573.021184,126471.062777045,224943.406547857,-1124254919.27814
339,339,S12000020,Moray, ,328024,843593,-3.20187,57.47683,2237218030.80783,459685.936136282,853844.783123795,-7721514571.42351
340,340,S12000021,North Ayrshire, ,228996,651640,-4.7246,55.72789,885276171.260995,349479.371611194,618874.443917417,-2773604212.53272
341,341,S12000023,Orkney Islands, ,348293,1006584,-2.90025,58.94334,1015068427.10954,1203626.44906199,2338319.10524764,-3822728736.79976
342,342,S12000026,Scottish Borders, ,345891,626135,-2.85866,55.52594,4739182406.06294,514891.622612686,910347.591493251,-14803946523.8164
343,343,S12000027,Shetland Islands, ,434516,1180307,-1.37344,60.504951,1468495456.02047,2322377.79167608,4688076.40443569,-5995876113.38238
344,344,S12000028,South Ayrshire, ,226545,596271,-4.72899,55.23008,1224369285.20356,334722.29369629,587280.737513276,-3763057928.354
345,345,S12000029,South Lanarkshire, ,284634,636071,-3.83272,55.60453,1773897195.5193,284527.340165205,503274.294442779,-5549956883.99284
346,346,S12000030,Stirling, ,255980,708769,-4.32595,56.249531,2253344395.5433,341963.178281938,614674.627239663,-7281229371.54448
347,347,S12000033,Aberdeen City, ,387763,808479,-2.20398,57.166969,185610474.243169,123556.58050704,227517.347216912,-629776081.467445
348,348,S12000034,Aberdeenshire, ,352284,816277,-2.79208,57.234692,6317887803.78562,799709.748964155,1477185.51202405,-21534375586.5923
349,349,S12000035,Argyll and Bute, ,200740,715443,-5.22114,56.28944,7006318125.2575,3803209.36951478,6817720.60708282,-22484563390.7655
350,350,S12000036,City of Edinburgh, ,320193,669416,-3.27826,55.91119,263351803.909779,108121.329976777,192778.113912736,-837280141.234922
351,351,S12000038,Renfrewshire, ,239305,664698,-4.56834,55.848621,261487693.210922,131636.237991719,234184.156807757,-827630645.031112
352,352,S12000039,West Dunbartonshire, ,242904,681586,-4.52074,56.0014,177320345.918352,103697.458333463,185127.103007892,-565324862.589188
353,353,S12000040,West Lothian, ,299483,668514,-3.60909,55.8992,428772096.657871,134896.644326228,240259.797417109,-1360311575.89333
354,354,S12000041,Angus, ,345518,759594,-2.89189,56.7248,2185122862.69083,321368.916299947,584817.020572828,-7244365886.82073
355,355,S12000042,Dundee City, ,340291,732145,-2.97095,56.4776,59830971.3599465,46805.9469379135,84646.2312224706,-195787988.72766
356,356,S12000045,East Dunbartonshire, ,261240,676154,-4.22417,55.95829,174489016.753695,99603.0545770919,177700.475802572,-555493368.472361
357,357,S12000047,Fife, ,339197,704726,-2.98235,56.231171,1325381099.28934,354737.733384564,637175.878949773,-4280823577.50602
358,358,S12000048,Perth and Kinross, ,284304,744186,-3.8848,56.575291,5383759647.16094,619318.000640046,1121368.06073113,-17696593167.0495
359,359,S12000049,Glasgow City, ,261534,667033,-4.21479,55.876492,174621296.391104,135584.07483734,241272.303091998,-553112919.53938
360,360,S12000050,North Lanarkshire, ,277984,665608,-3.9514,55.868141,472309075.060381,163984.724709276,292091.398269963,-1497527977.68977
361,361,W06000001,Isle of Anglesey,Ynys Môn,245212,378343,-4.32306,53.279419,714827609.556942,377822.317365012,631368.583788425,-1996699042.62407
362,362,W06000002,Gwynedd,Gwynedd,280555,334966,-3.77715,52.89883,2547891706.66651,632724.571424188,1047573.10354435,-6989566400.6764
363,363,W06000003,Conwy,Conwy,283293,362563,-3.74646,53.147388,1130197330.18461,283047.440462175,471727.558430992,-3136053741.70101
364,364,W06000004,Denbighshire,Sir Ddinbych,309843,355416,-3.34761,53.088329,838569401.650382,228673.537419039,380721.214542145,-2321987582.56303
365,365,W06000005,Flintshire,Sir y Fflint,321134,369280,-3.18248,53.21471,439723939.165061,239102.416881153,399104.78663264,-1224349002.65964
366,366,W06000006,Wrexham,Wrecsam,333523,345387,-2.99203,53.001671,503773489.327214,190040.818038468,315428.140077211,-1388643681.25589
367,367,W06000008,Ceredigion,Ceredigion,267127,268437,-3.94993,52.297951,1788908741.41064,380232.841254006,620933.460286499,-4767124316.22369
368,368,W06000009,Pembrokeshire,Sir Benfro,199821,221392,-4.90818,51.855129,1618344600.97343,743272.93316889,1201093.32607394,-4234726662.84148
369,369,W06000010,Carmarthenshire,Sir Gaerfyrddin,247954,224133,-4.2111,51.894951,2371103920.51181,591603.878495977,956805.374341265,-6220639056.75341
370,370,W06000011,Swansea,Abertawe,264022,197308,-3.96723,51.658058,377596417.006933,270783.370554064,435979.383972944,-979328600.022832
371,371,W06000012,Neath Port Talbot,Castell-nedd Port Talbot,279261,195412,-3.74638,51.644501,442272614.954998,182189.891977876,293609.106687907,-1149144675.92062
372,372,W06000013,Bridgend,Pen-y-bont ar Ogwr,288231,185870,-3.61375,51.5606,250785304.544486,93192.1976202713,149773.988777583,-648096463.964294
373,373,W06000014,Vale of Glamorgan,Bro Morgannwg,302946,173081,-3.39803,51.44836,331257510.067062,108377.993669206,173753.436646017,-851964728.1105
374,374,W06000015,Cardiff,Caerdydd,315273,178887,-3.22208,51.502541,142287154.44123,79778.2910840715,128101.158757712,-366996729.952643
375,375,W06000016,Rhondda Cynon Taf,Rhondda Cynon Taf,302237,192395,-3.41359,51.621849,424150424.443563,130240.675463078,209813.998085463,-1100665726.19288
376,376,W06000018,Caerphilly,Caerffili,317245,195259,-3.19753,51.650009,277387812.478975,116205.751406759,187290.565142329,-719971291.029366
377,377,W06000019,Blaenau Gwent,Blaenau Gwent,318236,206771,-3.18592,51.753639,108728050.001397,65601.7710712512,105942.090803673,-283620125.745079
378,378,W06000020,Torfaen,Torfaen,327459,200480,-3.05101,51.69836,126239927.800793,82544.775967432,133109.048042881,-328321908.462561
379,379,W06000021,Monmouthshire,Sir Fynwy,337812,209231,-2.9028,51.778271,850264584.692625,224184.496319534,362071.246530909,-2218041418.48638
380,380,W06000022,Newport,Casnewydd,337897,187432,-2.89769,51.58231,190372842.060921,153723.498020199,247259.446364366,-492545097.310155
381,381,W06000023,Powys,Powys,302329,273255,-3.43531,52.34864,5195312116.78482,610145.541416189,998341.537137145,-13893548242.1446
382,382,W06000024,Merthyr Tydfil,Merthyr Tudful,305916,206424,-3.36425,51.748581,111957018.608227,66696.9295920603,107692.617258401,-291689066.328722
